epoch,time,train/loss,metrics/accuracy_top1,metrics/accuracy_top5,val/loss,lr/pg0,lr/pg1,lr/pg2
1,152.474,1.62602,0.27232,1,1.5861,0.00029997,0.00029997,0.00029997
2,316.309,1.58391,0.26786,1,1.55322,0.000605001,0.000605001,0.000605001
3,460.774,1.59004,0.33036,1,1.5284,0.000903872,0.000903872,0.000903872
4,609.607,1.56793,0.27679,1,1.82976,0.001078,0.001078,0.001078
5,759.663,1.54004,0.28571,1,1.69114,0.001067,0.001067,0.001067
6,907.728,1.45914,0.28125,1,1.73187,0.00105601,0.00105601,0.00105601
7,1056.19,1.38904,0.27679,1,2.36937,0.00104501,0.00104501,0.00104501
8,1204,1.45614,0.38839,1,1.70352,0.00103401,0.00103401,0.00103401
9,1353.49,1.27685,0.58929,1,1.09493,0.00102301,0.00102301,0.00102301
10,1501.83,1.31082,0.49554,1,1.29855,0.00101201,0.00101201,0.00101201
11,1649.75,1.19967,0.46429,1,1.39818,0.00100101,0.00100101,0.00100101
12,1798.34,1.15624,0.70536,1,0.79776,0.000990012,0.000990012,0.000990012
13,1947.14,1.15621,0.65179,1,0.87531,0.000979013,0.000979013,0.000979013
14,2095.55,1.07802,0.62054,1,1.51353,0.000968014,0.000968014,0.000968014
15,2244.45,1.02002,0.74107,1,0.73222,0.000957015,0.000957015,0.000957015
16,2392.39,0.99665,0.77679,1,0.66208,0.000946016,0.000946016,0.000946016
17,2541.55,0.94374,0.61161,1,0.98265,0.000935018,0.000935018,0.000935018
18,2690.07,0.91975,0.6875,1,0.95526,0.000924019,0.000924019,0.000924019
19,2838.36,0.95871,0.70536,1,0.73654,0.00091302,0.00091302,0.00091302
20,2986.59,0.96756,0.73661,1,0.63962,0.000902021,0.000902021,0.000902021
21,3137.58,0.86191,0.76786,1,0.61342,0.000891022,0.000891022,0.000891022
22,3286.7,0.76431,0.82143,1,0.55497,0.000880023,0.000880023,0.000880023
23,3435.89,0.8647,0.77232,1,0.53664,0.000869024,0.000869024,0.000869024
24,3584.4,0.76347,0.78125,1,0.58961,0.000858025,0.000858025,0.000858025
25,3734.77,0.79897,0.84821,1,0.41892,0.000847026,0.000847026,0.000847026
26,3883.63,0.71634,0.87946,1,0.4178,0.000836027,0.000836027,0.000836027
27,4031.94,0.69366,0.90179,1,0.30049,0.000825029,0.000825029,0.000825029
28,4180.26,0.69691,0.86607,1,0.37578,0.00081403,0.00081403,0.00081403
29,4330.45,0.72918,0.80804,1,0.50416,0.000803031,0.000803031,0.000803031
30,4479.38,0.6889,0.89732,1,0.29388,0.000792032,0.000792032,0.000792032
31,4627.81,0.67246,0.79018,1,0.59199,0.000781033,0.000781033,0.000781033
32,4776.93,0.75002,0.84375,1,0.45041,0.000770034,0.000770034,0.000770034
33,4926.13,0.65062,0.87946,1,0.35194,0.000759035,0.000759035,0.000759035
34,5074.95,0.61626,0.86607,1,0.3516,0.000748036,0.000748036,0.000748036
35,5223.1,0.57775,0.81696,1,0.51408,0.000737037,0.000737037,0.000737037
36,5371.46,0.62717,0.875,1,0.32887,0.000726038,0.000726038,0.000726038
37,5520.49,0.60667,0.86607,1,0.31235,0.00071504,0.00071504,0.00071504
38,5669.63,0.65801,0.84821,1,0.31435,0.000704041,0.000704041,0.000704041
39,5818.28,0.56053,0.875,1,0.32814,0.000693042,0.000693042,0.000693042
40,5966.28,0.63466,0.87946,1,0.35682,0.000682043,0.000682043,0.000682043
41,6114.94,0.52877,0.85714,1,0.3955,0.000671044,0.000671044,0.000671044
42,6263.61,0.56944,0.87946,1,0.34035,0.000660045,0.000660045,0.000660045
43,6411.43,0.53022,0.86607,1,0.4111,0.000649046,0.000649046,0.000649046
44,6560.07,0.51002,0.91071,1,0.32204,0.000638047,0.000638047,0.000638047
45,6709.17,0.5101,0.89732,1,0.2973,0.000627048,0.000627048,0.000627048
46,6858.02,0.49398,0.89286,1,0.39053,0.000616049,0.000616049,0.000616049
47,7006.26,0.5192,0.89286,1,0.33146,0.000605051,0.000605051,0.000605051
48,7154.78,0.55682,0.87054,1,0.37373,0.000594052,0.000594052,0.000594052
49,7303.69,0.52672,0.91518,1,0.29986,0.000583053,0.000583053,0.000583053
50,7452.91,0.43058,0.91964,1,0.26854,0.000572054,0.000572054,0.000572054
51,7602.38,0.47271,0.84375,1,0.39032,0.000561055,0.000561055,0.000561055
52,7750.7,0.48422,0.90625,1,0.27012,0.000550056,0.000550056,0.000550056
53,7900.05,0.46521,0.91964,1,0.27007,0.000539057,0.000539057,0.000539057
54,8049.09,0.43827,0.88839,1,0.35945,0.000528058,0.000528058,0.000528058
55,8196.93,0.48717,0.90179,1,0.28578,0.000517059,0.000517059,0.000517059
56,8345.32,0.50901,0.875,1,0.32976,0.00050606,0.00050606,0.00050606
57,8494.15,0.47109,0.90625,1,0.29793,0.000495062,0.000495062,0.000495062
58,8643.16,0.49365,0.91964,1,0.25524,0.000484063,0.000484063,0.000484063
59,8791.52,0.34684,0.90625,1,0.2538,0.000473064,0.000473064,0.000473064
60,8941.03,0.44415,0.93304,1,0.20867,0.000462065,0.000462065,0.000462065
61,9089.33,0.48816,0.87946,1,0.27515,0.000451066,0.000451066,0.000451066
62,9238.37,0.41103,0.93304,1,0.18487,0.000440067,0.000440067,0.000440067
63,9386.62,0.38671,0.94196,1,0.18254,0.000429068,0.000429068,0.000429068
64,9534.64,0.44265,0.93304,1,0.22932,0.000418069,0.000418069,0.000418069
65,9683.18,0.36084,0.94643,1,0.17047,0.00040707,0.00040707,0.00040707
66,9831.54,0.33935,0.92411,1,0.18656,0.000396071,0.000396071,0.000396071
67,9980.15,0.44641,0.9375,1,0.18518,0.000385073,0.000385073,0.000385073
68,10128.6,0.42862,0.93304,1,0.23285,0.000374074,0.000374074,0.000374074
69,10277,0.34231,0.95089,1,0.17331,0.000363075,0.000363075,0.000363075
70,10426.4,0.38393,0.93304,1,0.18905,0.000352076,0.000352076,0.000352076
71,10575.2,0.36845,0.95536,1,0.18054,0.000341077,0.000341077,0.000341077
72,10723.6,0.3672,0.95089,1,0.1657,0.000330078,0.000330078,0.000330078
73,10873.8,0.38389,0.94196,1,0.17209,0.000319079,0.000319079,0.000319079
74,11023,0.35767,0.94643,1,0.1677,0.00030808,0.00030808,0.00030808
75,11172,0.34226,0.95089,1,0.17015,0.000297081,0.000297081,0.000297081
76,11319.5,0.3763,0.94196,1,0.16652,0.000286083,0.000286083,0.000286083
77,11468.3,0.34797,0.94643,1,0.16085,0.000275084,0.000275084,0.000275084
78,11617.8,0.35514,0.95089,1,0.13846,0.000264085,0.000264085,0.000264085
79,11765.4,0.29576,0.96429,1,0.14625,0.000253086,0.000253086,0.000253086
80,11913.8,0.32721,0.95982,1,0.16101,0.000242087,0.000242087,0.000242087
81,12062.7,0.29804,0.95982,1,0.14599,0.000231088,0.000231088,0.000231088
82,12212,0.34524,0.95089,1,0.15475,0.000220089,0.000220089,0.000220089
83,12360.6,0.35768,0.94196,1,0.20271,0.00020909,0.00020909,0.00020909
84,12509.3,0.30529,0.95982,1,0.16039,0.000198091,0.000198091,0.000198091
85,12658.2,0.27673,0.95536,1,0.15966,0.000187092,0.000187092,0.000187092
86,12807.1,0.29326,0.95536,1,0.16689,0.000176094,0.000176094,0.000176094
87,12956,0.263,0.95536,1,0.18702,0.000165095,0.000165095,0.000165095
88,13104.4,0.33769,0.95536,1,0.18081,0.000154096,0.000154096,0.000154096
89,13254.1,0.26074,0.95536,1,0.16212,0.000143097,0.000143097,0.000143097
90,13404,0.32482,0.95982,1,0.15664,0.000132098,0.000132098,0.000132098
91,13553,0.27027,0.95982,1,0.1555,0.000121099,0.000121099,0.000121099
92,13701.8,0.29474,0.94643,1,0.15752,0.0001101,0.0001101,0.0001101
93,13850.7,0.28491,0.95982,1,0.16092,9.91012e-05,9.91012e-05,9.91012e-05
94,14000.3,0.30412,0.95089,1,0.17547,8.81023e-05,8.81023e-05,8.81023e-05
95,14148.4,0.29824,0.94643,1,0.17493,7.71034e-05,7.71034e-05,7.71034e-05
96,14297.3,0.23105,0.94643,1,0.15897,6.61045e-05,6.61045e-05,6.61045e-05
97,14446,0.30058,0.95089,1,0.16032,5.51056e-05,5.51056e-05,5.51056e-05
98,14594.3,0.28335,0.95089,1,0.15227,4.41067e-05,4.41067e-05,4.41067e-05
99,14743.5,0.27956,0.95089,1,0.15159,3.31078e-05,3.31078e-05,3.31078e-05
100,14893.1,0.24766,0.95089,1,0.14776,2.21089e-05,2.21089e-05,2.21089e-05
